{
    "em": 0.02727272727272727,
    "subspan_em": 0.02727272727272727,
    "f1": 0.028484848484848484,
    "num_samples": 110,
    "average_compression_ratio": 0.9713606968457174,
    "average_original_context_tokens": 121232.0,
    "average_retained_context_tokens": 3472.0,
    "kv_memory_per_token_kb": 147.456,
    "average_retained_kv_memory_mb": 511.967232,
    "average_retained_kv_memory_gb": 0.511967232,
    "average_uncompressed_kv_memory_mb": 17876.385792,
    "average_uncompressed_kv_memory_gb": 17.876385792,
    "memory_budget": 512.0,
    "memory_budget_unit": "MB",
    "token_budget": 3472
}