{
    "em": 0.4,
    "subspan_em": 0.5181818181818182,
    "f1": 0.49297409279198506,
    "num_samples": 110,
    "average_compression_ratio": 0.01,
    "average_original_context_tokens": 118609.0,
    "average_retained_context_tokens": 117422.0,
    "kv_memory_per_token_kb": 147.456,
    "average_retained_kv_memory_mb": 17314.578432,
    "average_retained_kv_memory_gb": 17.314578432,
    "average_uncompressed_kv_memory_mb": 17489.608704,
    "average_uncompressed_kv_memory_gb": 17.489608704
}