{
    "em": 0.3090909090909091,
    "subspan_em": 0.36363636363636365,
    "f1": 0.4113203463203463,
    "num_samples": 110,
    "average_compression_ratio": 0.8881235977299723,
    "average_original_context_tokens": 121232.0,
    "average_retained_context_tokens": 13563.0,
    "kv_memory_per_token_kb": 147.456,
    "average_retained_kv_memory_mb": 1999.945728,
    "average_retained_kv_memory_gb": 1.999945728,
    "average_uncompressed_kv_memory_mb": 17876.385792,
    "average_uncompressed_kv_memory_gb": 17.876385792,
    "memory_budget": 2.0,
    "memory_budget_unit": "GB",
    "token_budget": 13563
}