{
    "niah_multiquery": {
        "string_match": 100.0
    },
    "average_compression_ratio": 0.009999999999999998,
    "average_original_context_tokens": 32387.21,
    "average_retained_context_tokens": 32063.21,
    "kv_memory_per_token_kb": 147.456,
    "average_retained_kv_memory_mb": 4727.9126937599995,
    "average_retained_kv_memory_gb": 4.7279126937600005,
    "average_uncompressed_kv_memory_mb": 4775.68843776,
    "average_uncompressed_kv_memory_gb": 4.775688437759999
}