{
    "em": 0.45454545454545453,
    "subspan_em": 0.5727272727272728,
    "f1": 0.5761688311688311,
    "num_samples": 110,
    "average_compression_ratio": 0.01,
    "average_original_context_tokens": 49679.0,
    "average_retained_context_tokens": 49182.0,
    "kv_memory_per_token_kb": 147.456,
    "average_retained_kv_memory_mb": 7252.180992,
    "average_retained_kv_memory_gb": 7.252180992,
    "average_uncompressed_kv_memory_mb": 7325.466624,
    "average_uncompressed_kv_memory_gb": 7.325466624
}