{
    "em": 0.22857142857142856,
    "subspan_em": 0.2857142857142857,
    "coverage": 0.5376190476190476,
    "num_samples": 70,
    "average_compression_ratio": 0.01,
    "average_original_context_tokens": 48548.0,
    "average_retained_context_tokens": 48062.0,
    "kv_memory_per_token_kb": 147.456,
    "average_retained_kv_memory_mb": 7087.030272,
    "average_retained_kv_memory_gb": 7.087030272,
    "average_uncompressed_kv_memory_mb": 7158.693888,
    "average_uncompressed_kv_memory_gb": 7.158693888
}