{
    "niah_single_1": {
        "string_match": 100.0
    },
    "average_compression_ratio": 0.009999999999999998,
    "average_original_context_tokens": 32451.96,
    "average_retained_context_tokens": 32126.96,
    "kv_memory_per_token_kb": 147.456,
    "average_retained_kv_memory_mb": 4737.31301376,
    "average_retained_kv_memory_gb": 4.737313013759999,
    "average_uncompressed_kv_memory_mb": 4785.236213759999,
    "average_uncompressed_kv_memory_gb": 4.785236213759999
}