{
    "em": 0.4090909090909091,
    "subspan_em": 0.5363636363636364,
    "f1": 0.4919383129473873,
    "num_samples": 110,
    "average_compression_ratio": 0.8491602713824936,
    "average_original_context_tokens": 44955.0,
    "average_retained_context_tokens": 6781.0,
    "kv_memory_per_token_kb": 147.456,
    "average_retained_kv_memory_mb": 999.899136,
    "average_retained_kv_memory_gb": 0.999899136,
    "average_uncompressed_kv_memory_mb": 6628.88448,
    "average_uncompressed_kv_memory_gb": 6.62888448,
    "memory_budget": 1.0,
    "memory_budget_unit": "GB",
    "token_budget": 6781
}