{
    "niah_single_2": {
        "string_match": 100.0
    },
    "average_compression_ratio": 0.009999999999999998,
    "average_original_context_tokens": 32321.88,
    "average_retained_context_tokens": 31997.88,
    "kv_memory_per_token_kb": 147.456,
    "average_retained_kv_memory_mb": 4718.2793932800005,
    "average_retained_kv_memory_gb": 4.7182793932800005,
    "average_uncompressed_kv_memory_mb": 4766.05513728,
    "average_uncompressed_kv_memory_gb": 4.766055137279999
}