{
    "em": 0.15454545454545454,
    "subspan_em": 0.2636363636363636,
    "f1": 0.23806394006583756,
    "num_samples": 110,
    "average_compression_ratio": 0.8856494869697915,
    "average_original_context_tokens": 118609.0,
    "average_retained_context_tokens": 13563.0,
    "kv_memory_per_token_kb": 147.456,
    "average_retained_kv_memory_mb": 1999.945728,
    "average_retained_kv_memory_gb": 1.999945728,
    "average_uncompressed_kv_memory_mb": 17489.608704,
    "average_uncompressed_kv_memory_gb": 17.489608704,
    "memory_budget": 2.0,
    "memory_budget_unit": "GB",
    "token_budget": 13563
}