{
    "em": 0.01818181818181818,
    "subspan_em": 0.045454545454545456,
    "f1": 0.04599134199134199,
    "num_samples": 110,
    "average_compression_ratio": 0.9428289590166008,
    "average_original_context_tokens": 118609.0,
    "average_retained_context_tokens": 6781.0,
    "kv_memory_per_token_kb": 147.456,
    "average_retained_kv_memory_mb": 999.899136,
    "average_retained_kv_memory_gb": 0.999899136,
    "average_uncompressed_kv_memory_mb": 17489.608704,
    "average_uncompressed_kv_memory_gb": 17.489608704,
    "memory_budget": 1.0,
    "memory_budget_unit": "GB",
    "token_budget": 6781
}