{
    "niah_multikey_1": {
        "string_match": 100.0
    },
    "average_compression_ratio": 0.009999999999999998,
    "average_original_context_tokens": 32387.31,
    "average_retained_context_tokens": 32063.31,
    "kv_memory_per_token_kb": 147.456,
    "average_retained_kv_memory_mb": 4727.927439360001,
    "average_retained_kv_memory_gb": 4.727927439360001,
    "average_uncompressed_kv_memory_mb": 4775.7031833599995,
    "average_uncompressed_kv_memory_gb": 4.775703183359999
}