{
    "em": 0.3090909090909091,
    "subspan_em": 0.34545454545454546,
    "f1": 0.40145743145743146,
    "num_samples": 110,
    "average_compression_ratio": 0.01,
    "average_original_context_tokens": 121232.0,
    "average_retained_context_tokens": 120019.0,
    "kv_memory_per_token_kb": 147.456,
    "average_retained_kv_memory_mb": 17697.521664,
    "average_retained_kv_memory_gb": 17.697521664,
    "average_uncompressed_kv_memory_mb": 17876.385792,
    "average_uncompressed_kv_memory_gb": 17.876385792
}