{
    "em": 0.23636363636363636,
    "subspan_em": 0.2636363636363636,
    "f1": 0.3220628115903235,
    "num_samples": 110,
    "average_compression_ratio": 0.7172548937855698,
    "average_original_context_tokens": 47969.0,
    "average_retained_context_tokens": 13563.0,
    "kv_memory_per_token_kb": 147.456,
    "average_retained_kv_memory_mb": 1999.945728,
    "average_retained_kv_memory_gb": 1.999945728,
    "average_uncompressed_kv_memory_mb": 7073.316864,
    "average_uncompressed_kv_memory_gb": 7.073316864,
    "memory_budget": 2.0,
    "memory_budget_unit": "GB",
    "token_budget": 13563
}