{
    "em": 0.34545454545454546,
    "subspan_em": 0.43636363636363634,
    "f1": 0.4288435199452149,
    "num_samples": 110,
    "average_compression_ratio": 0.8635036937136416,
    "average_original_context_tokens": 49679.0,
    "average_retained_context_tokens": 6781.0,
    "kv_memory_per_token_kb": 147.456,
    "average_retained_kv_memory_mb": 999.899136,
    "average_retained_kv_memory_gb": 0.999899136,
    "average_uncompressed_kv_memory_mb": 7325.466624,
    "average_uncompressed_kv_memory_gb": 7.325466624,
    "memory_budget": 1.0,
    "memory_budget_unit": "GB",
    "token_budget": 6781
}