{
    "em": 0.11428571428571428,
    "subspan_em": 0.12857142857142856,
    "coverage": 0.40047619047619043,
    "num_samples": 70,
    "average_compression_ratio": 0.8603238032462717,
    "average_original_context_tokens": 48548.0,
    "average_retained_context_tokens": 6781.0,
    "kv_memory_per_token_kb": 147.456,
    "average_retained_kv_memory_mb": 999.899136,
    "average_retained_kv_memory_gb": 0.999899136,
    "average_uncompressed_kv_memory_mb": 7158.693888,
    "average_uncompressed_kv_memory_gb": 7.158693888,
    "memory_budget": 1.0,
    "memory_budget_unit": "GB",
    "token_budget": 6781
}