{
    "em": 0.41818181818181815,
    "subspan_em": 0.4909090909090909,
    "f1": 0.4892424242424242,
    "num_samples": 110,
    "average_compression_ratio": 0.01,
    "average_original_context_tokens": 49679.0,
    "average_retained_context_tokens": 49182.0,
    "kv_memory_per_token_kb": 147.456,
    "average_retained_kv_memory_mb": 7252.180992,
    "average_retained_kv_memory_gb": 7.252180992,
    "average_uncompressed_kv_memory_mb": 7325.466624,
    "average_uncompressed_kv_memory_gb": 7.325466624
}