{
    "niah_single_3": {
        "string_match": 100.0
    },
    "average_compression_ratio": 0.009999999999999998,
    "average_original_context_tokens": 32347.4,
    "average_retained_context_tokens": 32023.4,
    "kv_memory_per_token_kb": 147.456,
    "average_retained_kv_memory_mb": 4722.042470400001,
    "average_retained_kv_memory_gb": 4.722042470399999,
    "average_uncompressed_kv_memory_mb": 4769.818214400001,
    "average_uncompressed_kv_memory_gb": 4.769818214399999
}