{
    "em": 0.15714285714285714,
    "subspan_em": 0.17142857142857143,
    "coverage": 0.5033333333333333,
    "num_samples": 70,
    "average_compression_ratio": 0.720627008321661,
    "average_original_context_tokens": 48548.0,
    "average_retained_context_tokens": 13563.0,
    "kv_memory_per_token_kb": 147.456,
    "average_retained_kv_memory_mb": 1999.945728,
    "average_retained_kv_memory_gb": 1.999945728,
    "average_uncompressed_kv_memory_mb": 7158.693888,
    "average_uncompressed_kv_memory_gb": 7.158693888,
    "memory_budget": 2.0,
    "memory_budget_unit": "GB",
    "token_budget": 13563
}