{
    "em": 0.05454545454545454,
    "subspan_em": 0.11818181818181818,
    "f1": 0.13074484339190223,
    "num_samples": 110,
    "average_compression_ratio": 0.9301113146399888,
    "average_original_context_tokens": 49679.0,
    "average_retained_context_tokens": 3472.0,
    "kv_memory_per_token_kb": 147.456,
    "average_retained_kv_memory_mb": 511.967232,
    "average_retained_kv_memory_gb": 0.511967232,
    "average_uncompressed_kv_memory_mb": 7325.466624,
    "average_uncompressed_kv_memory_gb": 7.325466624,
    "memory_budget": 512.0,
    "memory_budget_unit": "MB",
    "token_budget": 3472
}