{
    "em": 0.21818181818181817,
    "subspan_em": 0.24545454545454545,
    "f1": 0.3074119113210022,
    "num_samples": 110,
    "average_compression_ratio": 0.8586378702912297,
    "average_original_context_tokens": 47969.0,
    "average_retained_context_tokens": 6781.0,
    "kv_memory_per_token_kb": 147.456,
    "average_retained_kv_memory_mb": 999.899136,
    "average_retained_kv_memory_gb": 0.999899136,
    "average_uncompressed_kv_memory_mb": 7073.316864,
    "average_uncompressed_kv_memory_gb": 7.073316864,
    "memory_budget": 1.0,
    "memory_budget_unit": "GB",
    "token_budget": 6781
}