{
    "em": 0.36363636363636365,
    "subspan_em": 0.5545454545454546,
    "f1": 0.4553181558437543,
    "num_samples": 110,
    "average_compression_ratio": 0.6982982982982984,
    "average_original_context_tokens": 44955.0,
    "average_retained_context_tokens": 13563.0,
    "kv_memory_per_token_kb": 147.456,
    "average_retained_kv_memory_mb": 1999.945728,
    "average_retained_kv_memory_gb": 1.999945728,
    "average_uncompressed_kv_memory_mb": 6628.88448,
    "average_uncompressed_kv_memory_gb": 6.62888448,
    "memory_budget": 2.0,
    "memory_budget_unit": "GB",
    "token_budget": 13563
}