{
    "em": 0.13636363636363635,
    "subspan_em": 0.16363636363636364,
    "f1": 0.2182020630884267,
    "num_samples": 110,
    "average_compression_ratio": 0.01,
    "average_original_context_tokens": 119446.0,
    "average_retained_context_tokens": 118251.0,
    "kv_memory_per_token_kb": 147.456,
    "average_retained_kv_memory_mb": 17436.819456,
    "average_retained_kv_memory_gb": 17.436819456,
    "average_uncompressed_kv_memory_mb": 17613.029376,
    "average_uncompressed_kv_memory_gb": 17.613029376
}