{
    "em": 0.14285714285714285,
    "subspan_em": 0.15714285714285714,
    "coverage": 0.45476190476190487,
    "num_samples": 70,
    "average_compression_ratio": 0.01,
    "average_original_context_tokens": 48548.0,
    "average_retained_context_tokens": 48062.0,
    "kv_memory_per_token_kb": 147.456,
    "average_retained_kv_memory_mb": 7087.030272,
    "average_retained_kv_memory_gb": 7.087030272,
    "average_uncompressed_kv_memory_mb": 7158.693888,
    "average_uncompressed_kv_memory_gb": 7.158693888
}