{
    "em": 0.06363636363636363,
    "subspan_em": 0.08181818181818182,
    "f1": 0.15251112984378704,
    "num_samples": 110,
    "average_compression_ratio": 0.8864507811061065,
    "average_original_context_tokens": 119446.0,
    "average_retained_context_tokens": 13563.0,
    "kv_memory_per_token_kb": 147.456,
    "average_retained_kv_memory_mb": 1999.945728,
    "average_retained_kv_memory_gb": 1.999945728,
    "average_uncompressed_kv_memory_mb": 17613.029376,
    "average_uncompressed_kv_memory_gb": 17.613029376,
    "memory_budget": 2.0,
    "memory_budget_unit": "GB",
    "token_budget": 13563
}