{
    "em": 0.05714285714285714,
    "subspan_em": 0.2571428571428571,
    "coverage": 0.3285714285714285,
    "num_samples": 70,
    "average_compression_ratio": 0.01,
    "average_original_context_tokens": 44399.0,
    "average_retained_context_tokens": 43955.0,
    "kv_memory_per_token_kb": 147.456,
    "average_retained_kv_memory_mb": 6481.42848,
    "average_retained_kv_memory_gb": 6.48142848,
    "average_uncompressed_kv_memory_mb": 6546.898944,
    "average_uncompressed_kv_memory_gb": 6.546898944
}