{
    "em": 0.42727272727272725,
    "subspan_em": 0.5454545454545454,
    "f1": 0.5154624163715072,
    "num_samples": 110,
    "average_compression_ratio": 0.7269872581976288,
    "average_original_context_tokens": 49679.0,
    "average_retained_context_tokens": 13563.0,
    "kv_memory_per_token_kb": 147.456,
    "average_retained_kv_memory_mb": 1999.945728,
    "average_retained_kv_memory_gb": 1.999945728,
    "average_uncompressed_kv_memory_mb": 7325.466624,
    "average_uncompressed_kv_memory_gb": 7.325466624,
    "memory_budget": 2.0,
    "memory_budget_unit": "GB",
    "token_budget": 13563
}