{
    "em": 0.00909090909090909,
    "subspan_em": 0.00909090909090909,
    "coverage": 0.17666666666666667,
    "num_samples": 110,
    "average_compression_ratio": 0.8871555511182109,
    "average_original_context_tokens": 120192.0,
    "average_retained_context_tokens": 13563.0,
    "kv_memory_per_token_kb": 147.456,
    "average_retained_kv_memory_mb": 1999.945728,
    "average_retained_kv_memory_gb": 1.999945728,
    "average_uncompressed_kv_memory_mb": 17723.031552,
    "average_uncompressed_kv_memory_gb": 17.723031552,
    "memory_budget": 2.0,
    "memory_budget_unit": "GB",
    "token_budget": 13563
}