{
    "em": 0.05454545454545454,
    "subspan_em": 0.09090909090909091,
    "f1": 0.08663419913419913,
    "num_samples": 110,
    "average_compression_ratio": 0.9650556573199943,
    "average_original_context_tokens": 49679.0,
    "average_retained_context_tokens": 1736.0,
    "kv_memory_per_token_kb": 147.456,
    "average_retained_kv_memory_mb": 255.983616,
    "average_retained_kv_memory_gb": 0.255983616,
    "average_uncompressed_kv_memory_mb": 7325.466624,
    "average_uncompressed_kv_memory_gb": 7.325466624,
    "memory_budget": 256,
    "memory_budget_unit": "MB",
    "token_budget": 1736
}