{
    "em": 0.05714285714285714,
    "subspan_em": 0.2714285714285714,
    "coverage": 0.34761904761904755,
    "num_samples": 70,
    "average_compression_ratio": 0.6945201468501543,
    "average_original_context_tokens": 44399.0,
    "average_retained_context_tokens": 13563.0,
    "kv_memory_per_token_kb": 147.456,
    "average_retained_kv_memory_mb": 1999.945728,
    "average_retained_kv_memory_gb": 1.999945728,
    "average_uncompressed_kv_memory_mb": 6546.898944,
    "average_uncompressed_kv_memory_gb": 6.546898944,
    "memory_budget": 2.0,
    "memory_budget_unit": "GB",
    "token_budget": 13563
}