{
    "em": 0.01818181818181818,
    "subspan_em": 0.02727272727272727,
    "f1": 0.028268398268398266,
    "num_samples": 110,
    "average_compression_ratio": 0.9613836058280503,
    "average_original_context_tokens": 44955.0,
    "average_retained_context_tokens": 1736.0,
    "kv_memory_per_token_kb": 147.456,
    "average_retained_kv_memory_mb": 255.983616,
    "average_retained_kv_memory_gb": 0.255983616,
    "average_uncompressed_kv_memory_mb": 6628.88448,
    "average_uncompressed_kv_memory_gb": 6.62888448,
    "memory_budget": 256,
    "memory_budget_unit": "MB",
    "token_budget": 1736
}