{
    "em": 0.045454545454545456,
    "subspan_em": 0.06363636363636363,
    "f1": 0.06636363636363636,
    "num_samples": 110,
    "average_compression_ratio": 0.9440659231885971,
    "average_original_context_tokens": 121232.0,
    "average_retained_context_tokens": 6781.0,
    "kv_memory_per_token_kb": 147.456,
    "average_retained_kv_memory_mb": 999.899136,
    "average_retained_kv_memory_gb": 0.999899136,
    "average_uncompressed_kv_memory_mb": 17876.385792,
    "average_uncompressed_kv_memory_gb": 17.876385792,
    "memory_budget": 1.0,
    "memory_budget_unit": "GB",
    "token_budget": 6781
}