{
    "em": 0.02727272727272727,
    "subspan_em": 0.07272727272727272,
    "f1": 0.06618731239052096,
    "num_samples": 110,
    "average_compression_ratio": 0.9227672116561005,
    "average_original_context_tokens": 44955.0,
    "average_retained_context_tokens": 3472.0,
    "kv_memory_per_token_kb": 147.456,
    "average_retained_kv_memory_mb": 511.967232,
    "average_retained_kv_memory_gb": 0.511967232,
    "average_uncompressed_kv_memory_mb": 6628.88448,
    "average_uncompressed_kv_memory_gb": 6.62888448,
    "memory_budget": 512.0,
    "memory_budget_unit": "MB",
    "token_budget": 3472
}