{
    "vt": {
        "string_match": 100.0
    },
    "average_compression_ratio": 0.009999999999999998,
    "average_original_context_tokens": 32601.17,
    "average_retained_context_tokens": 32274.62,
    "kv_memory_per_token_kb": 147.456,
    "average_retained_kv_memory_mb": 4759.08636672,
    "average_retained_kv_memory_gb": 4.75908636672,
    "average_uncompressed_kv_memory_mb": 4807.238123519999,
    "average_uncompressed_kv_memory_gb": 4.8072381235199995
}