{
    "em": 0.21818181818181817,
    "subspan_em": 0.23636363636363636,
    "f1": 0.2952936659695232,
    "num_samples": 110,
    "average_compression_ratio": 0.01,
    "average_original_context_tokens": 47969.0,
    "average_retained_context_tokens": 47489.0,
    "kv_memory_per_token_kb": 147.456,
    "average_retained_kv_memory_mb": 7002.537984,
    "average_retained_kv_memory_gb": 7.002537984,
    "average_uncompressed_kv_memory_mb": 7073.316864,
    "average_uncompressed_kv_memory_gb": 7.073316864
}