{
    "em": 0.01818181818181818,
    "subspan_em": 0.045454545454545456,
    "coverage": 0.1196969696969697,
    "num_samples": 110,
    "average_compression_ratio": 0.01,
    "average_original_context_tokens": 117977.0,
    "average_retained_context_tokens": 116797.0,
    "kv_memory_per_token_kb": 147.456,
    "average_retained_kv_memory_mb": 17222.418432,
    "average_retained_kv_memory_gb": 17.222418432,
    "average_uncompressed_kv_memory_mb": 17396.416512,
    "average_uncompressed_kv_memory_gb": 17.396416512
}