{
    "em": 0.4818181818181818,
    "subspan_em": 0.6454545454545455,
    "f1": 0.5795828027252534,
    "num_samples": 110,
    "average_compression_ratio": 0.01,
    "average_original_context_tokens": 44955.0,
    "average_retained_context_tokens": 44505.0,
    "kv_memory_per_token_kb": 147.456,
    "average_retained_kv_memory_mb": 6562.52928,
    "average_retained_kv_memory_gb": 6.56252928,
    "average_uncompressed_kv_memory_mb": 6628.88448,
    "average_uncompressed_kv_memory_gb": 6.62888448
}