{
    "em": 0.02727272727272727,
    "subspan_em": 0.045454545454545456,
    "coverage": 0.3051515151515151,
    "num_samples": 110,
    "average_compression_ratio": 0.01,
    "average_original_context_tokens": 120192.0,
    "average_retained_context_tokens": 118990.0,
    "kv_memory_per_token_kb": 147.456,
    "average_retained_kv_memory_mb": 17545.78944,
    "average_retained_kv_memory_gb": 17.54578944,
    "average_uncompressed_kv_memory_mb": 17723.031552,
    "average_uncompressed_kv_memory_gb": 17.723031552
}